{
  "best_global_step": null,
  "best_metric": null,
  "best_model_checkpoint": null,
  "epoch": 1.0,
  "eval_steps": 500,
  "global_step": 45,
  "is_hyper_param_search": false,
  "is_local_process_zero": true,
  "is_world_process_zero": true,
  "log_history": [
    {
      "epoch": 0.2222222222222222,
      "grad_norm": 0.845729649066925,
      "learning_rate": 4e-05,
      "loss": 2.891818046569824,
      "step": 10
    },
    {
      "epoch": 0.4444444444444444,
      "grad_norm": 1.284151315689087,
      "learning_rate": 2.8888888888888888e-05,
      "loss": 3.0027523040771484,
      "step": 20
    },
    {
      "epoch": 0.6666666666666666,
      "grad_norm": 0.7594659924507141,
      "learning_rate": 1.777777777777778e-05,
      "loss": 2.6295307159423826,
      "step": 30
    },
    {
      "epoch": 0.8888888888888888,
      "grad_norm": 0.5888163447380066,
      "learning_rate": 6.666666666666667e-06,
      "loss": 2.301535224914551,
      "step": 40
    }
  ],
  "logging_steps": 10,
  "max_steps": 45,
  "num_input_tokens_seen": 0,
  "num_train_epochs": 1,
  "save_steps": 50,
  "stateful_callbacks": {
    "TrainerControl": {
      "args": {
        "should_epoch_stop": false,
        "should_evaluate": false,
        "should_log": false,
        "should_save": true,
        "should_training_stop": true
      },
      "attributes": {}
    }
  },
  "total_flos": 128706686484480.0,
  "train_batch_size": 1,
  "trial_name": null,
  "trial_params": null
}
